{
  "SNPCalling.references": {
    "ref_fasta": "/home/cristiane/github/errors_workflow/data/populus_sub_ig/Chr09-10.populus.fa",
    "ref_dict": "/home/cristiane/github/errors_workflow/data/populus_sub_ig/Chr09-10.populus.dict",
    "ref_ann": "/home/cristiane/github/errors_workflow/data/populus_sub_ig/Chr09-10.populus.fa.ann",
    "ref_sa": "/home/cristiane/github/errors_workflow/data/populus_sub_ig/Chr09-10.populus.fa.sa",
    "ref_amb": "/home/cristiane/github/errors_workflow/data/populus_sub_ig/Chr09-10.populus.fa.amb",
    "ref_bwt": "/home/cristiane/github/errors_workflow/data/populus_sub_ig/Chr09-10.populus.fa.bwt",
    "ref_fasta_index": "/home/cristiane/github/errors_workflow/data/populus_sub_ig/Chr09-10.populus.fa.fai",
    "ref_pac": "/home/cristiane/github/errors_workflow/data/populus_sub_ig/Chr09-10.populus.fa.pac"
  },
  "SNPCalling.optional_filt": {
    "min_meanDP": "2",
    "maf": "0.05",
    "parent1": "PT_F",
    "parent2": "PT_M"
  },
  "SNPCalling.samples_info": {
    "samples_info": "/home/cristiane/github/errors_workflow/data/populus_sub_ig/sample_info_subsub"
  }
}
